[{"model": "admin.logentry", "pk": 1, "fields": {"action_time": "2024-09-18T11:33:19.773Z", "user": 1, "content_type": 7, "object_id": "1", "object_repr": "Yoga - Atmen (2024-09-18)", "action_flag": 1, "change_message": "[{\"added\": {}}]"}}, {"model": "admin.logentry", "pk": 2, "fields": {"action_time": "2024-09-20T08:09:55.239Z", "user": 1, "content_type": 7, "object_id": "2", "object_repr": "Pilates - Schwangerschaft (2024-09-20)", "action_flag": 1, "change_message": "[{\"added\": {}}]"}}, {"model": "admin.logentry", "pk": 3, "fields": {"action_time": "2024-09-20T08:10:16.402Z", "user": 1, "content_type": 7, "object_id": "3", "object_repr": "Ansana - Beckenboden (2024-09-18)", "action_flag": 1, "change_message": "[{\"added\": {}}]"}}, {"model": "admin.logentry", "pk": 4, "fields": {"action_time": "2024-09-20T08:44:33.301Z", "user": 1, "content_type": 8, "object_id": "1", "object_repr": "Yoga", "action_flag": 1, "change_message": "[{\"added\": {}}]"}}, {"model": "admin.logentry", "pk": 5, "fields": {"action_time": "2024-09-20T08:44:37.816Z", "user": 1, "content_type": 8, "object_id": "2", "object_repr": "Pilates", "action_flag": 1, "change_message": "[{\"added\": {}}]"}}, {"model": "admin.logentry", "pk": 6, "fields": {"action_time": "2024-09-20T08:45:27.718Z", "user": 1, "content_type": 7, "object_id": "2", "object_repr": "Pilates - Schwangerschaft (2024-09-20)", "action_flag": 2, "change_message": "[{\"changed\": {\"fields\": [\"Kategorie\"]}}]"}}, {"model": "admin.logentry", "pk": 7, "fields": {"action_time": "2024-09-20T09:37:38.491Z", "user": 1, "content_type": 7, "object_id": "3", "object_repr": "Ansana - Beckenboden (18:00:00)", "action_flag": 2, "change_message": "[{\"changed\": {\"fields\": [\"Start\"]}}]"}}, {"model": "admin.logentry", "pk": 8, "fields": {"action_time": "2024-09-20T09:37:45.206Z", "user": 1, "content_type": 7, "object_id": "2", "object_repr": "Pilates - Schwangerschaft (19:00:00)", "action_flag": 2, "change_message": "[{\"changed\": {\"fields\": [\"Start\"]}}]"}}, {"model": "admin.logentry", "pk": 9, "fields": {"action_time": "2024-09-20T09:37:52.557Z", "user": 1, "content_type": 7, "object_id": "1", "object_repr": "Yoga - Atmen (20:00:00)", "action_flag": 2, "change_message": "[{\"changed\": {\"fields\": [\"Start\"]}}]"}}, {"model": "admin.logentry", "pk": 10, "fields": {"action_time": "2024-09-20T12:36:05.968Z", "user": 1, "content_type": 7, "object_id": "4", "object_repr": "Basiskurs - Grundlagen (18:00:00)", "action_flag": 1, "change_message": "[{\"added\": {}}]"}}, {"model": "admin.logentry", "pk": 11, "fields": {"action_time": "2024-09-20T12:36:29.401Z", "user": 1, "content_type": 7, "object_id": "5", "object_repr": "Kind - Kontakt zum Fötus (19:00:00)", "action_flag": 1, "change_message": "[{\"added\": {}}]"}}, {"model": "admin.logentry", "pk": 12, "fields": {"action_time": "2024-09-29T22:24:04.355Z", "user": 1, "content_type": 10, "object_id": "1", "object_repr": "Corina: 5", "action_flag": 1, "change_message": "[{\"added\": {}}]"}}, {"model": "admin.logentry", "pk": 13, "fields": {"action_time": "2024-09-29T22:51:13.525Z", "user": 1, "content_type": 7, "object_id": "3", "object_repr": "Ansana - Beckenboden (18:00:00)", "action_flag": 2, "change_message": "[]"}}, {"model": "admin.logentry", "pk": 14, "fields": {"action_time": "2024-10-01T19:29:24.353Z", "user": 1, "content_type": 7, "object_id": "6", "object_repr": "Basiskurs - Für Einsteiger (18:00:00)", "action_flag": 1, "change_message": "[{\"added\": {}}]"}}, {"model": "admin.logentry", "pk": 15, "fields": {"action_time": "2024-10-01T20:26:35.530Z", "user": 1, "content_type": 10, "object_id": "2", "object_repr": "admin: 2", "action_flag": 1, "change_message": "[{\"added\": {}}]"}}, {"model": "admin.logentry", "pk": 16, "fields": {"action_time": "2024-10-01T21:04:29.680Z", "user": 1, "content_type": 10, "object_id": "2", "object_repr": "admin: 5", "action_flag": 2, "change_message": "[{\"changed\": {\"fields\": [\"Anzahl\"]}}]"}}, {"model": "admin.logentry", "pk": 17, "fields": {"action_time": "2024-10-01T21:31:46.037Z", "user": 1, "content_type": 10, "object_id": "2", "object_repr": "admin: 2", "action_flag": 2, "change_message": "[{\"changed\": {\"fields\": [\"Anzahl\"]}}]"}}, {"model": "admin.logentry", "pk": 18, "fields": {"action_time": "2024-10-01T21:42:20.239Z", "user": 1, "content_type": 10, "object_id": "2", "object_repr": "admin: 5", "action_flag": 2, "change_message": "[{\"changed\": {\"fields\": [\"Anzahl\"]}}]"}}, {"model": "admin.logentry", "pk": 19, "fields": {"action_time": "2024-10-06T10:20:50.400Z", "user": 1, "content_type": 12, "object_id": "1", "object_repr": "2024-10-06: Wir sind LIVE!", "action_flag": 1, "change_message": "[{\"added\": {}}]"}}, {"model": "admin.logentry", "pk": 20, "fields": {"action_time": "2024-10-06T10:21:54.785Z", "user": 1, "content_type": 12, "object_id": "2", "object_repr": "2024-10-16: Das ist die zweite News", "action_flag": 1, "change_message": "[{\"added\": {}}]"}}, {"model": "admin.logentry", "pk": 21, "fields": {"action_time": "2024-10-06T10:21:59.588Z", "user": 1, "content_type": 12, "object_id": "1", "object_repr": "2024-10-06: Wir sind LIVE!", "action_flag": 2, "change_message": "[{\"changed\": {\"fields\": [\"Wichtig\"]}}]"}}, {"model": "admin.logentry", "pk": 22, "fields": {"action_time": "2024-10-06T13:10:48.225Z", "user": 1, "content_type": 12, "object_id": "3", "object_repr": "2024-10-08: Das ist eine unwichtige News", "action_flag": 1, "change_message": "[{\"added\": {}}]"}}, {"model": "admin.logentry", "pk": 23, "fields": {"action_time": "2024-10-06T13:11:09.203Z", "user": 1, "content_type": 12, "object_id": "3", "object_repr": "2024-10-04: Das ist eine unwichtige News", "action_flag": 2, "change_message": "[{\"changed\": {\"fields\": [\"Publikationsdatum\"]}}]"}}, {"model": "admin.logentry", "pk": 24, "fields": {"action_time": "2024-10-06T13:11:31.722Z", "user": 1, "content_type": 12, "object_id": "3", "object_repr": "2024-10-04: Das ist eine unwichtige News", "action_flag": 2, "change_message": "[{\"changed\": {\"fields\": [\"Wichtig\"]}}]"}}, {"model": "admin.logentry", "pk": 25, "fields": {"action_time": "2024-10-06T13:23:30.040Z", "user": 1, "content_type": 12, "object_id": "3", "object_repr": "2024-10-04: Das ist eine unwichtige News", "action_flag": 2, "change_message": "[{\"changed\": {\"fields\": [\"Wichtig\"]}}]"}}, {"model": "admin.logentry", "pk": 26, "fields": {"action_time": "2024-10-06T15:01:05.966Z", "user": 1, "content_type": 10, "object_id": "2", "object_repr": "admin: 10", "action_flag": 2, "change_message": "[{\"changed\": {\"fields\": [\"Anzahl\"]}}]"}}, {"model": "admin.logentry", "pk": 27, "fields": {"action_time": "2024-10-11T16:08:45.024Z", "user": 1, "content_type": 13, "object_id": "4", "object_repr": "2024-10-11: admin (5 Credits)", "action_flag": 2, "change_message": "[{\"changed\": {\"fields\": [\"Status\"]}}]"}}, {"model": "admin.logentry", "pk": 28, "fields": {"action_time": "2024-10-11T16:38:57.403Z", "user": 1, "content_type": 13, "object_id": "4", "object_repr": "2024-10-11: admin (5 Credits) - FINAL", "action_flag": 3, "change_message": ""}}, {"model": "admin.logentry", "pk": 29, "fields": {"action_time": "2024-10-11T16:38:57.403Z", "user": 1, "content_type": 13, "object_id": "3", "object_repr": "2024-10-11: admin (1 Credits) - PENDING", "action_flag": 3, "change_message": ""}}, {"model": "admin.logentry", "pk": 30, "fields": {"action_time": "2024-10-11T16:38:57.403Z", "user": 1, "content_type": 13, "object_id": "2", "object_repr": "2024-10-06: admin (1 Credits) - PENDING", "action_flag": 3, "change_message": ""}}, {"model": "admin.logentry", "pk": 31, "fields": {"action_time": "2024-10-11T16:38:57.403Z", "user": 1, "content_type": 13, "object_id": "1", "object_repr": "2024-10-06: admin (10 Credits) - PENDING", "action_flag": 3, "change_message": ""}}, {"model": "admin.logentry", "pk": 32, "fields": {"action_time": "2024-10-11T16:39:14.332Z", "user": 1, "content_type": 10, "object_id": "2", "object_repr": "admin: 16", "action_flag": 3, "change_message": ""}}, {"model": "admin.logentry", "pk": 33, "fields": {"action_time": "2024-10-12T18:35:17.658Z", "user": 1, "content_type": 13, "object_id": "6", "object_repr": "2024-10-12: Mary (10 Credits) - FINAL", "action_flag": 2, "change_message": "[{\"changed\": {\"fields\": [\"Status\"]}}]"}}, {"model": "admin.logentry", "pk": 34, "fields": {"action_time": "2024-10-12T19:14:41.034Z", "user": 1, "content_type": 13, "object_id": "9", "object_repr": "2024-10-12: Mary (1 Credits) - PENDING", "action_flag": 3, "change_message": ""}}, {"model": "admin.logentry", "pk": 35, "fields": {"action_time": "2024-10-12T19:14:41.034Z", "user": 1, "content_type": 13, "object_id": "8", "object_repr": "2024-10-12: Mary (1 Credits) - PENDING", "action_flag": 3, "change_message": ""}}, {"model": "admin.logentry", "pk": 36, "fields": {"action_time": "2024-10-12T19:14:41.034Z", "user": 1, "content_type": 13, "object_id": "7", "object_repr": "2024-10-12: Mary (1 Credits) - PENDING", "action_flag": 3, "change_message": ""}}, {"model": "admin.logentry", "pk": 37, "fields": {"action_time": "2024-10-12T19:59:38.783Z", "user": 1, "content_type": 13, "object_id": "30", "object_repr": "2024-10-12: Mary (10 Credits) - PENDING", "action_flag": 3, "change_message": ""}}, {"model": "admin.logentry", "pk": 38, "fields": {"action_time": "2024-10-12T19:59:38.783Z", "user": 1, "content_type": 13, "object_id": "29", "object_repr": "2024-10-12: Mary (1 Credits) - PENDING", "action_flag": 3, "change_message": ""}}, {"model": "admin.logentry", "pk": 39, "fields": {"action_time": "2024-10-12T19:59:38.783Z", "user": 1, "content_type": 13, "object_id": "28", "object_repr": "2024-10-12: Mary (5 Credits) - PENDING", "action_flag": 3, "change_message": ""}}, {"model": "admin.logentry", "pk": 40, "fields": {"action_time": "2024-10-12T19:59:38.783Z", "user": 1, "content_type": 13, "object_id": "27", "object_repr": "2024-10-12: Mary (1 Credits) - PENDING", "action_flag": 3, "change_message": ""}}, {"model": "admin.logentry", "pk": 41, "fields": {"action_time": "2024-10-12T19:59:38.783Z", "user": 1, "content_type": 13, "object_id": "26", "object_repr": "2024-10-12: Mary (1 Credits) - PENDING", "action_flag": 3, "change_message": ""}}, {"model": "admin.logentry", "pk": 42, "fields": {"action_time": "2024-10-12T19:59:38.783Z", "user": 1, "content_type": 13, "object_id": "25", "object_repr": "2024-10-12: Mary (10 Credits) - PENDING", "action_flag": 3, "change_message": ""}}, {"model": "admin.logentry", "pk": 43, "fields": {"action_time": "2024-10-12T19:59:38.783Z", "user": 1, "content_type": 13, "object_id": "24", "object_repr": "2024-10-12: Mary (1 Credits) - PENDING", "action_flag": 3, "change_message": ""}}, {"model": "admin.logentry", "pk": 44, "fields": {"action_time": "2024-10-12T19:59:38.783Z", "user": 1, "content_type": 13, "object_id": "23", "object_repr": "2024-10-12: Mary (5 Credits) - PENDING", "action_flag": 3, "change_message": ""}}, {"model": "admin.logentry", "pk": 45, "fields": {"action_time": "2024-10-12T19:59:38.783Z", "user": 1, "content_type": 13, "object_id": "22", "object_repr": "2024-10-12: Mary (1 Credits) - PENDING", "action_flag": 3, "change_message": ""}}, {"model": "admin.logentry", "pk": 46, "fields": {"action_time": "2024-10-12T19:59:38.783Z", "user": 1, "content_type": 13, "object_id": "21", "object_repr": "2024-10-12: Mary (1 Credits) - PENDING", "action_flag": 3, "change_message": ""}}, {"model": "admin.logentry", "pk": 47, "fields": {"action_time": "2024-10-12T19:59:38.783Z", "user": 1, "content_type": 13, "object_id": "20", "object_repr": "2024-10-12: Mary (1 Credits) - PENDING", "action_flag": 3, "change_message": ""}}, {"model": "admin.logentry", "pk": 48, "fields": {"action_time": "2024-10-12T19:59:38.783Z", "user": 1, "content_type": 13, "object_id": "19", "object_repr": "2024-10-12: Mary (1 Credits) - PENDING", "action_flag": 3, "change_message": ""}}, {"model": "admin.logentry", "pk": 49, "fields": {"action_time": "2024-10-12T19:59:38.783Z", "user": 1, "content_type": 13, "object_id": "18", "object_repr": "2024-10-12: Mary (1 Credits) - PENDING", "action_flag": 3, "change_message": ""}}, {"model": "admin.logentry", "pk": 50, "fields": {"action_time": "2024-10-12T19:59:38.783Z", "user": 1, "content_type": 13, "object_id": "17", "object_repr": "2024-10-12: Mary (1 Credits) - PENDING", "action_flag": 3, "change_message": ""}}, {"model": "admin.logentry", "pk": 51, "fields": {"action_time": "2024-10-12T19:59:38.783Z", "user": 1, "content_type": 13, "object_id": "16", "object_repr": "2024-10-12: Mary (1 Credits) - PENDING", "action_flag": 3, "change_message": ""}}, {"model": "admin.logentry", "pk": 52, "fields": {"action_time": "2024-10-12T19:59:38.783Z", "user": 1, "content_type": 13, "object_id": "15", "object_repr": "2024-10-12: Mary (1 Credits) - PENDING", "action_flag": 3, "change_message": ""}}, {"model": "admin.logentry", "pk": 53, "fields": {"action_time": "2024-10-12T19:59:38.783Z", "user": 1, "content_type": 13, "object_id": "14", "object_repr": "2024-10-12: Mary (1 Credits) - PENDING", "action_flag": 3, "change_message": ""}}, {"model": "admin.logentry", "pk": 54, "fields": {"action_time": "2024-10-12T19:59:38.783Z", "user": 1, "content_type": 13, "object_id": "13", "object_repr": "2024-10-12: Mary (1 Credits) - PENDING", "action_flag": 3, "change_message": ""}}, {"model": "admin.logentry", "pk": 55, "fields": {"action_time": "2024-10-12T19:59:38.783Z", "user": 1, "content_type": 13, "object_id": "12", "object_repr": "2024-10-12: Mary (1 Credits) - PENDING", "action_flag": 3, "change_message": ""}}, {"model": "admin.logentry", "pk": 56, "fields": {"action_time": "2024-10-12T19:59:38.783Z", "user": 1, "content_type": 13, "object_id": "11", "object_repr": "2024-10-12: Mary (1 Credits) - PENDING", "action_flag": 3, "change_message": ""}}, {"model": "admin.logentry", "pk": 57, "fields": {"action_time": "2024-10-12T19:59:38.783Z", "user": 1, "content_type": 13, "object_id": "10", "object_repr": "2024-10-12: Mary (1 Credits) - PENDING", "action_flag": 3, "change_message": ""}}, {"model": "admin.logentry", "pk": 58, "fields": {"action_time": "2024-10-12T20:00:17.513Z", "user": 1, "content_type": 10, "object_id": "4", "object_repr": "admin: 0", "action_flag": 1, "change_message": "[{\"added\": {}}]"}}, {"model": "admin.logentry", "pk": 59, "fields": {"action_time": "2024-10-12T20:21:21.561Z", "user": 1, "content_type": 13, "object_id": "41", "object_repr": "2024-10-12: admin (1 Credits) - PENDING", "action_flag": 3, "change_message": ""}}, {"model": "admin.logentry", "pk": 60, "fields": {"action_time": "2024-10-12T20:21:21.562Z", "user": 1, "content_type": 13, "object_id": "40", "object_repr": "2024-10-12: admin (5 Credits) - PENDING", "action_flag": 3, "change_message": ""}}, {"model": "admin.logentry", "pk": 61, "fields": {"action_time": "2024-10-12T20:21:21.562Z", "user": 1, "content_type": 13, "object_id": "39", "object_repr": "2024-10-12: admin (5 Credits) - PENDING", "action_flag": 3, "change_message": ""}}, {"model": "admin.logentry", "pk": 62, "fields": {"action_time": "2024-10-12T20:21:21.562Z", "user": 1, "content_type": 13, "object_id": "38", "object_repr": "2024-10-12: admin (5 Credits) - PENDING", "action_flag": 3, "change_message": ""}}, {"model": "admin.logentry", "pk": 63, "fields": {"action_time": "2024-10-12T20:21:21.562Z", "user": 1, "content_type": 13, "object_id": "37", "object_repr": "2024-10-12: admin (10 Credits) - PENDING", "action_flag": 3, "change_message": ""}}, {"model": "admin.logentry", "pk": 64, "fields": {"action_time": "2024-10-12T20:21:21.562Z", "user": 1, "content_type": 13, "object_id": "36", "object_repr": "2024-10-12: admin (10 Credits) - PENDING", "action_flag": 3, "change_message": ""}}, {"model": "admin.logentry", "pk": 65, "fields": {"action_time": "2024-10-12T20:21:21.562Z", "user": 1, "content_type": 13, "object_id": "35", "object_repr": "2024-10-12: admin (10 Credits) - PENDING", "action_flag": 3, "change_message": ""}}, {"model": "admin.logentry", "pk": 66, "fields": {"action_time": "2024-10-12T20:21:21.562Z", "user": 1, "content_type": 13, "object_id": "34", "object_repr": "2024-10-12: admin (10 Credits) - PENDING", "action_flag": 3, "change_message": ""}}, {"model": "admin.logentry", "pk": 67, "fields": {"action_time": "2024-10-12T20:21:21.562Z", "user": 1, "content_type": 13, "object_id": "33", "object_repr": "2024-10-12: admin (10 Credits) - PENDING", "action_flag": 3, "change_message": ""}}, {"model": "admin.logentry", "pk": 68, "fields": {"action_time": "2024-10-12T20:21:21.562Z", "user": 1, "content_type": 13, "object_id": "32", "object_repr": "2024-10-12: admin (10 Credits) - PENDING", "action_flag": 3, "change_message": ""}}, {"model": "admin.logentry", "pk": 69, "fields": {"action_time": "2024-10-12T20:21:21.562Z", "user": 1, "content_type": 13, "object_id": "31", "object_repr": "2024-10-12: admin (1 Credits) - PENDING", "action_flag": 3, "change_message": ""}}, {"model": "admin.logentry", "pk": 70, "fields": {"action_time": "2024-10-12T20:24:49.009Z", "user": 1, "content_type": 13, "object_id": "42", "object_repr": "2024-10-12: admin (10 Credits) - PENDING", "action_flag": 3, "change_message": ""}}, {"model": "admin.logentry", "pk": 71, "fields": {"action_time": "2024-10-12T20:24:49.009Z", "user": 1, "content_type": 13, "object_id": "5", "object_repr": "2024-10-11: admin (5 Credits) - PENDING", "action_flag": 3, "change_message": ""}}, {"model": "admin.logentry", "pk": 72, "fields": {"action_time": "2024-10-12T20:25:13.143Z", "user": 1, "content_type": 13, "object_id": "43", "object_repr": "2024-10-12: admin (10 Credits) - FINAL", "action_flag": 2, "change_message": "[{\"changed\": {\"fields\": [\"Status\"]}}]"}}, {"model": "admin.logentry", "pk": 73, "fields": {"action_time": "2024-10-12T20:35:12.405Z", "user": 1, "content_type": 4, "object_id": "12", "object_repr": "Corina", "action_flag": 3, "change_message": ""}}, {"model": "admin.logentry", "pk": 74, "fields": {"action_time": "2024-10-12T20:35:12.405Z", "user": 1, "content_type": 4, "object_id": "5", "object_repr": "Dani", "action_flag": 3, "change_message": ""}}, {"model": "admin.logentry", "pk": 75, "fields": {"action_time": "2024-10-12T20:35:12.405Z", "user": 1, "content_type": 4, "object_id": "6", "object_repr": "Leonie", "action_flag": 3, "change_message": ""}}, {"model": "admin.logentry", "pk": 76, "fields": {"action_time": "2024-10-12T20:35:12.405Z", "user": 1, "content_type": 4, "object_id": "8", "object_repr": "Manu", "action_flag": 3, "change_message": ""}}, {"model": "admin.logentry", "pk": 77, "fields": {"action_time": "2024-10-12T20:35:12.405Z", "user": 1, "content_type": 4, "object_id": "14", "object_repr": "Mary", "action_flag": 3, "change_message": ""}}, {"model": "admin.logentry", "pk": 78, "fields": {"action_time": "2024-10-12T20:35:12.405Z", "user": 1, "content_type": 4, "object_id": "7", "object_repr": "Melanie", "action_flag": 3, "change_message": ""}}, {"model": "admin.logentry", "pk": 79, "fields": {"action_time": "2024-10-12T20:35:12.405Z", "user": 1, "content_type": 4, "object_id": "10", "object_repr": "Mila", "action_flag": 3, "change_message": ""}}, {"model": "admin.logentry", "pk": 80, "fields": {"action_time": "2024-10-12T20:35:12.405Z", "user": 1, "content_type": 4, "object_id": "11", "object_repr": "Nina", "action_flag": 3, "change_message": ""}}, {"model": "admin.logentry", "pk": 81, "fields": {"action_time": "2024-10-12T20:35:12.405Z", "user": 1, "content_type": 4, "object_id": "4", "object_repr": "Nutzer", "action_flag": 3, "change_message": ""}}, {"model": "admin.logentry", "pk": 82, "fields": {"action_time": "2024-10-12T20:35:12.405Z", "user": 1, "content_type": 4, "object_id": "13", "object_repr": "Steffi", "action_flag": 3, "change_message": ""}}, {"model": "admin.logentry", "pk": 83, "fields": {"action_time": "2024-10-12T20:35:12.405Z", "user": 1, "content_type": 4, "object_id": "9", "object_repr": "laura", "action_flag": 3, "change_message": ""}}, {"model": "admin.logentry", "pk": 84, "fields": {"action_time": "2024-10-12T20:35:12.405Z", "user": 1, "content_type": 4, "object_id": "3", "object_repr": "testHallo", "action_flag": 3, "change_message": ""}}, {"model": "admin.logentry", "pk": 85, "fields": {"action_time": "2024-10-12T20:35:12.405Z", "user": 1, "content_type": 4, "object_id": "2", "object_repr": "testtest", "action_flag": 3, "change_message": ""}}, {"model": "admin.logentry", "pk": 86, "fields": {"action_time": "2024-10-12T20:40:36.804Z", "user": 1, "content_type": 4, "object_id": "15", "object_repr": "Mary", "action_flag": 3, "change_message": ""}}, {"model": "admin.logentry", "pk": 87, "fields": {"action_time": "2024-10-12T20:43:50.767Z", "user": 1, "content_type": 4, "object_id": "16", "object_repr": "Mary", "action_flag": 3, "change_message": ""}}, {"model": "admin.logentry", "pk": 88, "fields": {"action_time": "2024-10-12T20:46:22.726Z", "user": 1, "content_type": 4, "object_id": "17", "object_repr": "Mary", "action_flag": 3, "change_message": ""}}, {"model": "admin.logentry", "pk": 89, "fields": {"action_time": "2024-10-12T20:53:19.535Z", "user": 1, "content_type": 4, "object_id": "18", "object_repr": "Mary", "action_flag": 3, "change_message": ""}}, {"model": "admin.logentry", "pk": 90, "fields": {"action_time": "2024-10-12T21:04:44.551Z", "user": 1, "content_type": 4, "object_id": "19", "object_repr": "Mary", "action_flag": 3, "change_message": ""}}, {"model": "admin.logentry", "pk": 91, "fields": {"action_time": "2024-10-12T21:27:48.794Z", "user": 1, "content_type": 13, "object_id": "44", "object_repr": "2024-10-12: Mary (5 Credits) - FINAL", "action_flag": 2, "change_message": "[{\"changed\": {\"fields\": [\"Status\"]}}]"}}, {"model": "admin.logentry", "pk": 92, "fields": {"action_time": "2024-10-13T19:00:55.489Z", "user": 1, "content_type": 13, "object_id": "55", "object_repr": "2024-10-13: Mary (1 Credits) - PENDING", "action_flag": 3, "change_message": ""}}, {"model": "admin.logentry", "pk": 93, "fields": {"action_time": "2024-10-13T19:00:55.489Z", "user": 1, "content_type": 13, "object_id": "54", "object_repr": "2024-10-13: Mary (1 Credits) - PENDING", "action_flag": 3, "change_message": ""}}, {"model": "admin.logentry", "pk": 94, "fields": {"action_time": "2024-10-13T19:00:55.489Z", "user": 1, "content_type": 13, "object_id": "53", "object_repr": "2024-10-13: Mary (1 Credits) - PENDING", "action_flag": 3, "change_message": ""}}, {"model": "admin.logentry", "pk": 95, "fields": {"action_time": "2024-10-13T19:00:55.489Z", "user": 1, "content_type": 13, "object_id": "52", "object_repr": "2024-10-13: Mary (1 Credits) - PENDING", "action_flag": 3, "change_message": ""}}, {"model": "admin.logentry", "pk": 96, "fields": {"action_time": "2024-10-13T19:00:55.489Z", "user": 1, "content_type": 13, "object_id": "51", "object_repr": "2024-10-13: Mary (1 Credits) - PENDING", "action_flag": 3, "change_message": ""}}, {"model": "admin.logentry", "pk": 97, "fields": {"action_time": "2024-10-13T19:00:55.489Z", "user": 1, "content_type": 13, "object_id": "50", "object_repr": "2024-10-13: Mary (1 Credits) - PENDING", "action_flag": 3, "change_message": ""}}, {"model": "admin.logentry", "pk": 98, "fields": {"action_time": "2024-10-13T19:00:55.489Z", "user": 1, "content_type": 13, "object_id": "49", "object_repr": "2024-10-13: Mary (1 Credits) - PENDING", "action_flag": 3, "change_message": ""}}, {"model": "admin.logentry", "pk": 99, "fields": {"action_time": "2024-10-13T19:00:55.489Z", "user": 1, "content_type": 13, "object_id": "48", "object_repr": "2024-10-13: Mary (1 Credits) - PENDING", "action_flag": 3, "change_message": ""}}, {"model": "admin.logentry", "pk": 100, "fields": {"action_time": "2024-10-13T19:00:55.489Z", "user": 1, "content_type": 13, "object_id": "47", "object_repr": "2024-10-13: Mary (1 Credits) - PENDING", "action_flag": 3, "change_message": ""}}, {"model": "admin.logentry", "pk": 101, "fields": {"action_time": "2024-10-13T19:00:55.489Z", "user": 1, "content_type": 13, "object_id": "46", "object_repr": "2024-10-13: Mary (1 Credits) - PENDING", "action_flag": 3, "change_message": ""}}, {"model": "admin.logentry", "pk": 102, "fields": {"action_time": "2024-10-13T19:00:55.489Z", "user": 1, "content_type": 13, "object_id": "45", "object_repr": "2024-10-13: Mary (1 Credits) - PENDING", "action_flag": 3, "change_message": ""}}, {"model": "admin.logentry", "pk": 103, "fields": {"action_time": "2024-10-13T19:34:17.757Z", "user": 1, "content_type": 7, "object_id": "3", "object_repr": "Yoga in der Schwangerschaft - Yoga in der Schwangerschaft (Yoga)", "action_flag": 2, "change_message": "[{\"changed\": {\"fields\": [\"Name\", \"Thema\", \"Datum\"]}}]"}}, {"model": "admin.logentry", "pk": 104, "fields": {"action_time": "2024-10-13T19:34:35.142Z", "user": 1, "content_type": 7, "object_id": "1", "object_repr": "Das Becken - Das Becken (Yoga)", "action_flag": 2, "change_message": "[{\"changed\": {\"fields\": [\"Name\", \"Thema\", \"Datum\"]}}]"}}, {"model": "admin.logentry", "pk": 105, "fields": {"action_time": "2024-10-13T19:35:36.519Z", "user": 1, "content_type": 7, "object_id": "2", "object_repr": "Pilates - Advanced", "action_flag": 2, "change_message": "[{\"changed\": {\"fields\": [\"Name\", \"Thema\", \"Datum\"]}}]"}}, {"model": "admin.logentry", "pk": 106, "fields": {"action_time": "2024-10-13T19:35:50.271Z", "user": 1, "content_type": 7, "object_id": "4", "object_repr": "Pilates - Basic", "action_flag": 2, "change_message": "[{\"changed\": {\"fields\": [\"Name\"]}}]"}}, {"model": "admin.logentry", "pk": 107, "fields": {"action_time": "2024-10-13T19:36:04.291Z", "user": 1, "content_type": 7, "object_id": "6", "object_repr": "Pilates - Intermediary", "action_flag": 2, "change_message": "[{\"changed\": {\"fields\": [\"Name\", \"Thema\"]}}]"}}, {"model": "admin.logentry", "pk": 108, "fields": {"action_time": "2024-10-13T19:36:08.469Z", "user": 1, "content_type": 7, "object_id": "4", "object_repr": "Pilates - Basic", "action_flag": 2, "change_message": "[]"}}, {"model": "admin.logentry", "pk": 109, "fields": {"action_time": "2024-10-13T19:36:20.606Z", "user": 1, "content_type": 7, "object_id": "5", "object_repr": "Yoga - Sanfter Flow", "action_flag": 2, "change_message": "[{\"changed\": {\"fields\": [\"Name\", \"Thema\"]}}]"}}, {"model": "admin.logentry", "pk": 110, "fields": {"action_time": "2024-10-13T19:36:38.533Z", "user": 1, "content_type": 7, "object_id": "7", "object_repr": "Yoga - Der Beckenboden", "action_flag": 1, "change_message": "[{\"added\": {}}]"}}, {"model": "admin.logentry", "pk": 111, "fields": {"action_time": "2024-10-13T19:36:49.363Z", "user": 1, "content_type": 7, "object_id": "8", "object_repr": "Yoga - Die Körperveränderungen", "action_flag": 1, "change_message": "[{\"added\": {}}]"}}, {"model": "admin.logentry", "pk": 112, "fields": {"action_time": "2024-10-13T19:37:06.175Z", "user": 1, "content_type": 7, "object_id": "9", "object_repr": "Yoga - Pranayama – Atmung", "action_flag": 1, "change_message": "[{\"added\": {}}]"}}, {"model": "admin.logentry", "pk": 113, "fields": {"action_time": "2024-10-13T21:48:09.782Z", "user": 1, "content_type": 13, "object_id": "60", "object_repr": "2024-10-13: Mary (1 Credits) - PENDING", "action_flag": 3, "change_message": ""}}, {"model": "admin.logentry", "pk": 114, "fields": {"action_time": "2024-10-13T21:48:10.123Z", "user": 1, "content_type": 13, "object_id": "59", "object_repr": "2024-10-13: Mary (5 Credits) - PENDING", "action_flag": 3, "change_message": ""}}, {"model": "admin.logentry", "pk": 115, "fields": {"action_time": "2024-10-13T21:48:10.252Z", "user": 1, "content_type": 13, "object_id": "58", "object_repr": "2024-10-13: Mary (5 Credits) - PENDING", "action_flag": 3, "change_message": ""}}, {"model": "admin.logentry", "pk": 116, "fields": {"action_time": "2024-10-13T21:48:10.384Z", "user": 1, "content_type": 13, "object_id": "57", "object_repr": "2024-10-13: Mary (10 Credits) - PENDING", "action_flag": 3, "change_message": ""}}, {"model": "admin.logentry", "pk": 117, "fields": {"action_time": "2024-10-13T21:48:10.552Z", "user": 1, "content_type": 13, "object_id": "56", "object_repr": "2024-10-13: Mary (1 Credits) - PENDING", "action_flag": 3, "change_message": ""}}, {"model": "admin.logentry", "pk": 118, "fields": {"action_time": "2024-10-16T15:30:15.115Z", "user": 1, "content_type": 13, "object_id": "68", "object_repr": "2024-10-16: admin (5 Credits) - PENDING", "action_flag": 3, "change_message": ""}}, {"model": "admin.logentry", "pk": 119, "fields": {"action_time": "2024-10-16T15:30:15.326Z", "user": 1, "content_type": 13, "object_id": "67", "object_repr": "2024-10-16: admin (10 Credits) - PENDING", "action_flag": 3, "change_message": ""}}, {"model": "admin.logentry", "pk": 120, "fields": {"action_time": "2024-10-16T15:30:15.436Z", "user": 1, "content_type": 13, "object_id": "66", "object_repr": "2024-10-16: admin (5 Credits) - PENDING", "action_flag": 3, "change_message": ""}}, {"model": "admin.logentry", "pk": 121, "fields": {"action_time": "2024-10-16T15:30:15.570Z", "user": 1, "content_type": 13, "object_id": "65", "object_repr": "2024-10-16: admin (5 Credits) - PENDING", "action_flag": 3, "change_message": ""}}, {"model": "admin.logentry", "pk": 122, "fields": {"action_time": "2024-10-16T15:30:15.748Z", "user": 1, "content_type": 13, "object_id": "64", "object_repr": "2024-10-16: admin (10 Credits) - PENDING", "action_flag": 3, "change_message": ""}}, {"model": "admin.logentry", "pk": 123, "fields": {"action_time": "2024-10-16T15:30:15.869Z", "user": 1, "content_type": 13, "object_id": "63", "object_repr": "2024-10-16: admin (5 Credits) - PENDING", "action_flag": 3, "change_message": ""}}, {"model": "admin.logentry", "pk": 124, "fields": {"action_time": "2024-10-16T15:30:16.003Z", "user": 1, "content_type": 13, "object_id": "62", "object_repr": "2024-10-15: admin (1 Credits) - PENDING", "action_flag": 3, "change_message": ""}}, {"model": "admin.logentry", "pk": 125, "fields": {"action_time": "2024-10-16T15:30:16.114Z", "user": 1, "content_type": 13, "object_id": "61", "object_repr": "2024-10-13: admin (1 Credits) - PENDING", "action_flag": 3, "change_message": ""}}, {"model": "admin.logentry", "pk": 126, "fields": {"action_time": "2024-10-16T16:13:32.346Z", "user": 1, "content_type": 13, "object_id": "74", "object_repr": "2024-10-16: admin (10 Credits) - PENDING", "action_flag": 3, "change_message": ""}}, {"model": "admin.logentry", "pk": 127, "fields": {"action_time": "2024-10-16T16:13:32.547Z", "user": 1, "content_type": 13, "object_id": "73", "object_repr": "2024-10-16: admin (5 Credits) - PENDING", "action_flag": 3, "change_message": ""}}, {"model": "admin.logentry", "pk": 128, "fields": {"action_time": "2024-10-16T16:13:32.669Z", "user": 1, "content_type": 13, "object_id": "72", "object_repr": "2024-10-16: admin (5 Credits) - PENDING", "action_flag": 3, "change_message": ""}}, {"model": "admin.logentry", "pk": 129, "fields": {"action_time": "2024-10-16T16:13:32.802Z", "user": 1, "content_type": 13, "object_id": "71", "object_repr": "2024-10-16: admin (5 Credits) - PENDING", "action_flag": 3, "change_message": ""}}, {"model": "admin.logentry", "pk": 130, "fields": {"action_time": "2024-10-16T16:13:32.913Z", "user": 1, "content_type": 13, "object_id": "70", "object_repr": "2024-10-16: admin (5 Credits) - PENDING", "action_flag": 3, "change_message": ""}}, {"model": "admin.logentry", "pk": 131, "fields": {"action_time": "2024-10-16T16:13:33.035Z", "user": 1, "content_type": 13, "object_id": "69", "object_repr": "2024-10-16: admin (5 Credits) - PENDING", "action_flag": 3, "change_message": ""}}, {"model": "admin.logentry", "pk": 132, "fields": {"action_time": "2024-10-16T16:27:29.302Z", "user": 1, "content_type": 13, "object_id": "78", "object_repr": "2024-10-16: admin (1 Credits) - PENDING", "action_flag": 3, "change_message": ""}}, {"model": "admin.logentry", "pk": 133, "fields": {"action_time": "2024-10-16T16:27:29.554Z", "user": 1, "content_type": 13, "object_id": "77", "object_repr": "2024-10-16: admin (10 Credits) - PENDING", "action_flag": 3, "change_message": ""}}, {"model": "admin.logentry", "pk": 134, "fields": {"action_time": "2024-10-16T16:27:29.683Z", "user": 1, "content_type": 13, "object_id": "76", "object_repr": "2024-10-16: admin (5 Credits) - PENDING", "action_flag": 3, "change_message": ""}}, {"model": "admin.logentry", "pk": 135, "fields": {"action_time": "2024-10-16T16:27:29.794Z", "user": 1, "content_type": 13, "object_id": "75", "object_repr": "2024-10-16: admin (5 Credits) - PENDING", "action_flag": 3, "change_message": ""}}, {"model": "admin.logentry", "pk": 136, "fields": {"action_time": "2024-10-16T16:27:54.925Z", "user": 1, "content_type": 13, "object_id": "79", "object_repr": "2024-10-16: admin (1 Credits) - FINAL", "action_flag": 2, "change_message": "[{\"changed\": {\"fields\": [\"Status\"]}}]"}}, {"model": "admin.logentry", "pk": 137, "fields": {"action_time": "2024-10-16T16:28:41.523Z", "user": 1, "content_type": 13, "object_id": "79", "object_repr": "2024-10-16: admin (1 Credits) - FINAL", "action_flag": 3, "change_message": ""}}, {"model": "admin.logentry", "pk": 138, "fields": {"action_time": "2024-10-16T16:28:41.727Z", "user": 1, "content_type": 13, "object_id": "43", "object_repr": "2024-10-12: admin (10 Credits) - FINAL", "action_flag": 3, "change_message": ""}}, {"model": "admin.logentry", "pk": 139, "fields": {"action_time": "2024-10-16T16:28:55.610Z", "user": 1, "content_type": 11, "object_id": "47", "object_repr": "admin - Pilates - Intermediary (2024-10-05 11:46:53.559860+00:00)", "action_flag": 3, "change_message": ""}}, {"model": "admin.logentry", "pk": 140, "fields": {"action_time": "2024-10-16T16:28:55.803Z", "user": 1, "content_type": 11, "object_id": "65", "object_repr": "admin - Pilates - Advanced (2024-10-16 09:23:32.422291+00:00)", "action_flag": 3, "change_message": ""}}, {"model": "admin.logentry", "pk": 141, "fields": {"action_time": "2024-10-16T16:29:03.575Z", "user": 1, "content_type": 10, "object_id": "4", "object_repr": "admin: 0", "action_flag": 2, "change_message": "[{\"changed\": {\"fields\": [\"Anzahl\"]}}]"}}, {"model": "admin.logentry", "pk": 142, "fields": {"action_time": "2024-10-16T16:42:26.699Z", "user": 1, "content_type": 13, "object_id": "83", "object_repr": "2024-10-16: admin (1 Credits) - PENDING", "action_flag": 3, "change_message": ""}}, {"model": "admin.logentry", "pk": 143, "fields": {"action_time": "2024-10-16T16:42:26.908Z", "user": 1, "content_type": 13, "object_id": "82", "object_repr": "2024-10-16: admin (5 Credits) - PENDING", "action_flag": 3, "change_message": ""}}, {"model": "admin.logentry", "pk": 144, "fields": {"action_time": "2024-10-16T16:42:27.026Z", "user": 1, "content_type": 13, "object_id": "81", "object_repr": "2024-10-16: admin (5 Credits) - PENDING", "action_flag": 3, "change_message": ""}}, {"model": "admin.logentry", "pk": 145, "fields": {"action_time": "2024-10-16T16:42:47.349Z", "user": 1, "content_type": 13, "object_id": "80", "object_repr": "2024-10-16: admin (10 Credits) - FINAL", "action_flag": 2, "change_message": "[{\"changed\": {\"fields\": [\"Status\"]}}]"}}, {"model": "admin.logentry", "pk": 146, "fields": {"action_time": "2024-10-16T17:05:08.454Z", "user": 1, "content_type": 4, "object_id": "1", "object_repr": "admin", "action_flag": 2, "change_message": "[{\"changed\": {\"fields\": [\"First name\", \"Last name\"]}}]"}}, {"model": "admin.logentry", "pk": 147, "fields": {"action_time": "2024-10-16T17:10:08.839Z", "user": 1, "content_type": 7, "object_id": "4", "object_repr": "Pilates - Basic", "action_flag": 2, "change_message": "[{\"changed\": {\"fields\": [\"Anzahl Pl\\u00e4tze\"]}}]"}}, {"model": "admin.logentry", "pk": 148, "fields": {"action_time": "2024-10-16T17:10:47.938Z", "user": 1, "content_type": 7, "object_id": "2", "object_repr": "Pilates - Advanced", "action_flag": 2, "change_message": "[{\"changed\": {\"fields\": [\"Anzahl Pl\\u00e4tze\"]}}]"}}, {"model": "admin.logentry", "pk": 149, "fields": {"action_time": "2024-10-16T18:32:41.464Z", "user": 1, "content_type": 13, "object_id": "84", "object_repr": "2024-10-16: Schmidt (10 Credits) - FINAL", "action_flag": 2, "change_message": "[{\"changed\": {\"fields\": [\"Status\"]}}]"}}, {"model": "admin.logentry", "pk": 150, "fields": {"action_time": "2024-10-17T09:00:38.005Z", "user": 1, "content_type": 13, "object_id": "86", "object_repr": "2024-10-17: Tom (10 Credits) - FINAL", "action_flag": 2, "change_message": "[{\"changed\": {\"fields\": [\"Status\"]}}]"}}, {"model": "admin.logentry", "pk": 151, "fields": {"action_time": "2024-10-17T11:17:21.170Z", "user": 1, "content_type": 13, "object_id": "87", "object_repr": "2024-10-17: Tom (1 Credits) - FINAL", "action_flag": 2, "change_message": "[{\"changed\": {\"fields\": [\"Status\"]}}]"}}, {"model": "admin.logentry", "pk": 152, "fields": {"action_time": "2024-10-17T20:54:52.572Z", "user": 1, "content_type": 7, "object_id": "6", "object_repr": "Pilates - Intermediary", "action_flag": 2, "change_message": "[{\"changed\": {\"fields\": [\"Anzahl Pl\\u00e4tze\"]}}]"}}, {"model": "admin.logentry", "pk": 153, "fields": {"action_time": "2024-10-19T18:13:50.339Z", "user": 1, "content_type": 12, "object_id": "1", "object_repr": "2024-10-06: So sieht eine wichtige News aus", "action_flag": 2, "change_message": "[{\"changed\": {\"fields\": [\"Titel\"]}}]"}}, {"model": "admin.logentry", "pk": 154, "fields": {"action_time": "2024-10-20T04:47:01.310Z", "user": 1, "content_type": 13, "object_id": "88", "object_repr": "2024-10-19: Nina (5 Credits) - FINAL", "action_flag": 2, "change_message": "[{\"changed\": {\"fields\": [\"Status\"]}}]"}}, {"model": "admin.logentry", "pk": 155, "fields": {"action_time": "2024-10-20T08:26:41.033Z", "user": 1, "content_type": 13, "object_id": "89", "object_repr": "2024-10-20: Curry (5 Credits) - FINAL", "action_flag": 2, "change_message": "[{\"changed\": {\"fields\": [\"Status\"]}}]"}}, {"model": "admin.logentry", "pk": 156, "fields": {"action_time": "2024-10-20T19:14:04.729Z", "user": 1, "content_type": 13, "object_id": "90", "object_repr": "2024-10-20: Steffi (10 Credits) - FINAL", "action_flag": 2, "change_message": "[{\"changed\": {\"fields\": [\"Status\"]}}]"}}, {"model": "auth.permission", "pk": 1, "fields": {"name": "Can add log entry", "content_type": 1, "codename": "add_logentry"}}, {"model": "auth.permission", "pk": 2, "fields": {"name": "Can change log entry", "content_type": 1, "codename": "change_logentry"}}, {"model": "auth.permission", "pk": 3, "fields": {"name": "Can delete log entry", "content_type": 1, "codename": "delete_logentry"}}, {"model": "auth.permission", "pk": 4, "fields": {"name": "Can view log entry", "content_type": 1, "codename": "view_logentry"}}, {"model": "auth.permission", "pk": 5, "fields": {"name": "Can add permission", "content_type": 2, "codename": "add_permission"}}, {"model": "auth.permission", "pk": 6, "fields": {"name": "Can change permission", "content_type": 2, "codename": "change_permission"}}, {"model": "auth.permission", "pk": 7, "fields": {"name": "Can delete permission", "content_type": 2, "codename": "delete_permission"}}, {"model": "auth.permission", "pk": 8, "fields": {"name": "Can view permission", "content_type": 2, "codename": "view_permission"}}, {"model": "auth.permission", "pk": 9, "fields": {"name": "Can add group", "content_type": 3, "codename": "add_group"}}, {"model": "auth.permission", "pk": 10, "fields": {"name": "Can change group", "content_type": 3, "codename": "change_group"}}, {"model": "auth.permission", "pk": 11, "fields": {"name": "Can delete group", "content_type": 3, "codename": "delete_group"}}, {"model": "auth.permission", "pk": 12, "fields": {"name": "Can view group", "content_type": 3, "codename": "view_group"}}, {"model": "auth.permission", "pk": 13, "fields": {"name": "Can add user", "content_type": 4, "codename": "add_user"}}, {"model": "auth.permission", "pk": 14, "fields": {"name": "Can change user", "content_type": 4, "codename": "change_user"}}, {"model": "auth.permission", "pk": 15, "fields": {"name": "Can delete user", "content_type": 4, "codename": "delete_user"}}, {"model": "auth.permission", "pk": 16, "fields": {"name": "Can view user", "content_type": 4, "codename": "view_user"}}, {"model": "auth.permission", "pk": 17, "fields": {"name": "Can add content type", "content_type": 5, "codename": "add_contenttype"}}, {"model": "auth.permission", "pk": 18, "fields": {"name": "Can change content type", "content_type": 5, "codename": "change_contenttype"}}, {"model": "auth.permission", "pk": 19, "fields": {"name": "Can delete content type", "content_type": 5, "codename": "delete_contenttype"}}, {"model": "auth.permission", "pk": 20, "fields": {"name": "Can view content type", "content_type": 5, "codename": "view_contenttype"}}, {"model": "auth.permission", "pk": 21, "fields": {"name": "Can add session", "content_type": 6, "codename": "add_session"}}, {"model": "auth.permission", "pk": 22, "fields": {"name": "Can change session", "content_type": 6, "codename": "change_session"}}, {"model": "auth.permission", "pk": 23, "fields": {"name": "Can delete session", "content_type": 6, "codename": "delete_session"}}, {"model": "auth.permission", "pk": 24, "fields": {"name": "Can view session", "content_type": 6, "codename": "view_session"}}, {"model": "auth.permission", "pk": 25, "fields": {"name": "Can add courses", "content_type": 7, "codename": "add_courses"}}, {"model": "auth.permission", "pk": 26, "fields": {"name": "Can change courses", "content_type": 7, "codename": "change_courses"}}, {"model": "auth.permission", "pk": 27, "fields": {"name": "Can delete courses", "content_type": 7, "codename": "delete_courses"}}, {"model": "auth.permission", "pk": 28, "fields": {"name": "Can view courses", "content_type": 7, "codename": "view_courses"}}, {"model": "auth.permission", "pk": 29, "fields": {"name": "Can add categorie", "content_type": 8, "codename": "add_categorie"}}, {"model": "auth.permission", "pk": 30, "fields": {"name": "Can change categorie", "content_type": 8, "codename": "change_categorie"}}, {"model": "auth.permission", "pk": 31, "fields": {"name": "Can delete categorie", "content_type": 8, "codename": "delete_categorie"}}, {"model": "auth.permission", "pk": 32, "fields": {"name": "Can view categorie", "content_type": 8, "codename": "view_categorie"}}, {"model": "auth.permission", "pk": 33, "fields": {"name": "Can add category", "content_type": 8, "codename": "add_category"}}, {"model": "auth.permission", "pk": 34, "fields": {"name": "Can change category", "content_type": 8, "codename": "change_category"}}, {"model": "auth.permission", "pk": 35, "fields": {"name": "Can delete category", "content_type": 8, "codename": "delete_category"}}, {"model": "auth.permission", "pk": 36, "fields": {"name": "Can view category", "content_type": 8, "codename": "view_category"}}, {"model": "auth.permission", "pk": 37, "fields": {"name": "Can add user", "content_type": 9, "codename": "add_customuser"}}, {"model": "auth.permission", "pk": 38, "fields": {"name": "Can change user", "content_type": 9, "codename": "change_customuser"}}, {"model": "auth.permission", "pk": 39, "fields": {"name": "Can delete user", "content_type": 9, "codename": "delete_customuser"}}, {"model": "auth.permission", "pk": 40, "fields": {"name": "Can view user", "content_type": 9, "codename": "view_customuser"}}, {"model": "auth.permission", "pk": 41, "fields": {"name": "Can add credits", "content_type": 10, "codename": "add_credits"}}, {"model": "auth.permission", "pk": 42, "fields": {"name": "Can change credits", "content_type": 10, "codename": "change_credits"}}, {"model": "auth.permission", "pk": 43, "fields": {"name": "Can delete credits", "content_type": 10, "codename": "delete_credits"}}, {"model": "auth.permission", "pk": 44, "fields": {"name": "Can view credits", "content_type": 10, "codename": "view_credits"}}, {"model": "auth.permission", "pk": 45, "fields": {"name": "Can add Buchung", "content_type": 11, "codename": "add_booking"}}, {"model": "auth.permission", "pk": 46, "fields": {"name": "Can change Buchung", "content_type": 11, "codename": "change_booking"}}, {"model": "auth.permission", "pk": 47, "fields": {"name": "Can delete Buchung", "content_type": 11, "codename": "delete_booking"}}, {"model": "auth.permission", "pk": 48, "fields": {"name": "Can view Buchung", "content_type": 11, "codename": "view_booking"}}, {"model": "auth.permission", "pk": 49, "fields": {"name": "Can add news", "content_type": 12, "codename": "add_news"}}, {"model": "auth.permission", "pk": 50, "fields": {"name": "Can change news", "content_type": 12, "codename": "change_news"}}, {"model": "auth.permission", "pk": 51, "fields": {"name": "Can delete news", "content_type": 12, "codename": "delete_news"}}, {"model": "auth.permission", "pk": 52, "fields": {"name": "Can view news", "content_type": 12, "codename": "view_news"}}, {"model": "auth.permission", "pk": 53, "fields": {"name": "Can add Kauftransaktion", "content_type": 13, "codename": "add_purchasetransaction"}}, {"model": "auth.permission", "pk": 54, "fields": {"name": "Can change Kauftransaktion", "content_type": 13, "codename": "change_purchasetransaction"}}, {"model": "auth.permission", "pk": 55, "fields": {"name": "Can delete Kauftransaktion", "content_type": 13, "codename": "delete_purchasetransaction"}}, {"model": "auth.permission", "pk": 56, "fields": {"name": "Can view Kauftransaktion", "content_type": 13, "codename": "view_purchasetransaction"}}, {"model": "auth.user", "pk": 1, "fields": {"password": "pbkdf2_sha256$600000$cOntvcEMbCGKqtsbFvxiKv$08SwLyINKQaq6FKIg8n2ZbglpPGcaG++CFE80QEiBGk=", "last_login": "2024-10-22T10:42:49.320Z", "is_superuser": true, "username": "admin", "first_name": "Dani", "last_name": "Horn", "email": "admin@mileja.ch", "is_staff": true, "is_active": true, "date_joined": "2024-09-15T11:52:10Z", "groups": [], "user_permissions": []}}, {"model": "auth.user", "pk": 20, "fields": {"password": "pbkdf2_sha256$600000$59RLcn0z5WniwLgWbx0jHV$SqH7D8qBGH4YnMXYSx+GWHZGYTVQjsqmhv56NvHtoQo=", "last_login": "2024-10-16T17:08:49.463Z", "is_superuser": false, "username": "Mary", "first_name": "Marianne", "last_name": "Tester", "email": "daniel.horn@ik.me", "is_staff": false, "is_active": true, "date_joined": "2024-10-12T21:05:02.926Z", "groups": [], "user_permissions": []}}, {"model": "auth.user", "pk": 21, "fields": {"password": "pbkdf2_sha256$600000$mvtecAhUwEIV0tg2fRogTc$iZiT1c/f4KT7fZK1+0V//pfuW6OrvCJRy4F6mwWFBi4=", "last_login": "2024-10-16T18:22:48.547Z", "is_superuser": false, "username": "Schmidt", "first_name": "Alessia", "last_name": "Rivolta", "email": "alessia.r@hotmail.ch", "is_staff": false, "is_active": true, "date_joined": "2024-10-16T18:22:30.229Z", "groups": [], "user_permissions": []}}, {"model": "auth.user", "pk": 22, "fields": {"password": "pbkdf2_sha256$600000$lH0Dg9Q2JRMAAZ6eO7yiBF$fv7r8uBFatRZrG1eT+N4VP4XOqtLpDupeKSvqQqa1hU=", "last_login": "2024-10-17T21:35:01.426Z", "is_superuser": false, "username": "Tom", "first_name": "Tom", "last_name": "Brady", "email": "daniel.horn@ik.me", "is_staff": false, "is_active": true, "date_joined": "2024-10-17T08:58:49.778Z", "groups": [], "user_permissions": []}}, {"model": "auth.user", "pk": 23, "fields": {"password": "pbkdf2_sha256$600000$Oh3rl5xVMACcSxIASppqYe$9aADTvv3z9SUS2Eh7wLOkThYj2bgAfLmKp3iUY8jXtU=", "last_login": "2024-10-20T08:33:48.461Z", "is_superuser": false, "username": "Nina", "first_name": "Nina", "last_name": "Jakober", "email": "nina_jakober@hotmail.com", "is_staff": false, "is_active": true, "date_joined": "2024-10-19T22:34:37.863Z", "groups": [], "user_permissions": []}}, {"model": "auth.user", "pk": 24, "fields": {"password": "pbkdf2_sha256$600000$V4A1acJEyGK8OblIAM66LS$CUwE7+/yWZtorSqCA9PcjVTffJTn4Nh4qw3g+cvaK2Q=", "last_login": "2024-10-20T10:24:12.279Z", "is_superuser": false, "username": "Curry", "first_name": "Rainer", "last_name": "Zufall", "email": "daniel.horn@ik.me", "is_staff": false, "is_active": true, "date_joined": "2024-10-20T08:23:53.589Z", "groups": [], "user_permissions": []}}, {"model": "auth.user", "pk": 25, "fields": {"password": "pbkdf2_sha256$600000$4Isvhzj4pFF67t2hotNHEA$4c3JgsKwAbx4YmVuxD35R8QrbqEAlkbfsAt+Xs3VriE=", "last_login": "2024-10-20T09:10:07.896Z", "is_superuser": false, "username": "Hansi", "first_name": "Hampe", "last_name": "Sapperlot", "email": "daniel.horn@ik.me", "is_staff": false, "is_active": true, "date_joined": "2024-10-20T09:09:41.123Z", "groups": [], "user_permissions": []}}, {"model": "auth.user", "pk": 26, "fields": {"password": "pbkdf2_sha256$600000$Xv1pAaj9QxRiB6roPfMQbc$cT1yz0t3VGzW9BQhy2Bpz2cFfAxbicdo0Oov9vWYiy8=", "last_login": "2024-10-20T19:04:08.031Z", "is_superuser": false, "username": "Steffi", "first_name": "Stephanie", "last_name": "Horn", "email": "stephanie.horn@ik.me", "is_staff": false, "is_active": true, "date_joined": "2024-10-20T19:03:52.279Z", "groups": [], "user_permissions": []}}, {"model": "contenttypes.contenttype", "pk": 1, "fields": {"app_label": "admin", "model": "logentry"}}, {"model": "contenttypes.contenttype", "pk": 2, "fields": {"app_label": "auth", "model": "permission"}}, {"model": "contenttypes.contenttype", "pk": 3, "fields": {"app_label": "auth", "model": "group"}}, {"model": "contenttypes.contenttype", "pk": 4, "fields": {"app_label": "auth", "model": "user"}}, {"model": "contenttypes.contenttype", "pk": 5, "fields": {"app_label": "contenttypes", "model": "contenttype"}}, {"model": "contenttypes.contenttype", "pk": 6, "fields": {"app_label": "sessions", "model": "session"}}, {"model": "contenttypes.contenttype", "pk": 7, "fields": {"app_label": "course", "model": "courses"}}, {"model": "contenttypes.contenttype", "pk": 8, "fields": {"app_label": "course", "model": "category"}}, {"model": "contenttypes.contenttype", "pk": 9, "fields": {"app_label": "users", "model": "customuser"}}, {"model": "contenttypes.contenttype", "pk": 10, "fields": {"app_label": "users", "model": "credits"}}, {"model": "contenttypes.contenttype", "pk": 11, "fields": {"app_label": "course", "model": "booking"}}, {"model": "contenttypes.contenttype", "pk": 12, "fields": {"app_label": "core", "model": "news"}}, {"model": "contenttypes.contenttype", "pk": 13, "fields": {"app_label": "users", "model": "purchasetransaction"}}, {"model": "sessions.session", "pk": "7jzpibw7rkqgdnwruvz5c42wse3itjle", "fields": {"session_data": ".eJxVjDEOwjAMRe-SGUVxHGqFkZ0zRHHs0AJqpaadKu4OlTrA-t97fzMpr0uf1qZzGsRcDJjT78a5PHXcgTzyeJ9smcZlHtjuij1os7dJ9HU93L-DPrf-W2ME32UAqF3EEh2heKXCxEGBBIOiqxGYcz1jQafiK3uSzmFUDWTeH874N8g:1t3BiQ:P7xx3iKp2lCxs0EoMtORAq4eG1vfFk4jgLj5CSAnmEI", "expire_date": "2024-11-05T10:02:14.792Z"}}, {"model": "sessions.session", "pk": "86p05fdmm506p8jza8je1vyebiqrfrmd", "fields": {"session_data": ".eJxVjDkOwjAUBe_iGll2vFPScwbrLzYOoFjKUiHuDpFSQPtm5r1Ehm1teVvKnEcWZzFocfodEehRpp3wHaZbl9SndR5R7oo86CKvncvzcrh_Bw2W9q2rG4omdKZSBHBaoU1YCZNxhgFTRDIqehUYg43oueikQYVkPQNpJ94fJec4iw:1t18fY:nbqtCe8bQwEr_QgK3xWbh9wU_zofuVUmG5zx468w7Ms", "expire_date": "2024-10-30T18:22:48.668Z"}}, {"model": "sessions.session", "pk": "ah5snqdqhbxmjgmaijqn0fft58w1xige", "fields": {"session_data": ".eJxVjDsOwjAQBe_iGln-O6akzxksr3eNA8iR4qRC3J1ESgHtm5n3ZjFta41bpyVOyK5MaXb5HSHlJ7WD4CO1-8zz3NZlAn4o_KSdjzPS63a6fwc19brXHot2Cm0KQCLIUmCwYENQAmSRGZ01u-CJlE2FADUop733ZkBhJBT2-QIbiThy:1t2I2Y:SPpE_aCqf3MrbPMoQkrezgYsC_XIokHAxQVCjSFGAKQ", "expire_date": "2024-11-02T22:35:18.387Z"}}, {"model": "sessions.session", "pk": "bzp9oxxne1zinkzzy3bgm1675g9qw5zo", "fields": {"session_data": ".eJxVjDkOwjAURO_iGlnevhdK-pzB8veCA8iW4qRC3J1ESgFTznszb-LDtla_jbz4OZErEZpcfksM8ZnbQdIjtHunsbd1mZEeCj3poFNP-XU73b-DGkbd15FLbbkqvAAHLEYmVaJTDkAEB2iTtajAWOGMk5oBZCyRCQEqabaHfL7pTDbH:1t2bDk:W6JXPbNNjfXEouyKt-7OLvSqDCIZNWCbWDuT795tCs0", "expire_date": "2024-11-03T19:04:08.168Z"}}, {"model": "sessions.session", "pk": "j92l9todi3mqjg3ldghicd7zhv9foknu", "fields": {"session_data": ".eJxVjEEOwiAQAP_C2RCh7QIevfcNZNkFqRpISnsy_l1JetDrzGRewuO-Zb-3uPqFxUUocfplAekRSxd8x3KrkmrZ1iXInsjDNjlXjs_r0f4NMrbct2yQxggDKdBBQ5oU8BQMBwIyTsPorHXE6JRi9_0mhKRGRj7bwbIR7w_v5Thu:1t04IF:mWbQDi6w4j_mEI7Hh-1t6-Go0iYJ3bhSS3GXnegDcyE", "expire_date": "2024-10-27T19:30:19.906Z"}}, {"model": "sessions.session", "pk": "n93cpr7vbcph7qs1ktu03uyqhg9nlbkz", "fields": {"session_data": ".eJxVjDEOwjAMRe-SGUVxHGqFkZ0zRHHs0AJqpaadKu4OlTrA-t97fzMpr0uf1qZzGsRcDJjT78a5PHXcgTzyeJ9smcZlHtjuij1os7dJ9HU93L-DPrf-W2ME32UAqF3EEh2heKXCxEGBBIOiqxGYcz1jQafiK3uSzmFUDWTeH874N8g:1t1JPX:RWBElkAM3ZOJ8lbr5wJccZq27aYGzyqdnlfLk__J_1k", "expire_date": "2024-10-31T05:50:59.894Z"}}, {"model": "sessions.session", "pk": "ozoiuq0y3yv69mb3aaihsxxigxn3uxlm", "fields": {"session_data": ".eJxVjDsOwjAQBe_iGln-O6akzxksr3eNA8iR4qRC3J1ESgHtm5n3ZjFta41bpyVOyK5MaXb5HSHlJ7WD4CO1-8zz3NZlAn4o_KSdjzPS63a6fwc19brXHot2Cm0KQCLIUmCwYENQAmSRGZ01u-CJlE2FADUop733ZkBhJBT2-QIbiThy:1t2RNk:0RDCPSbUlo443Kb8rBXOp0j5iLDuWgvtTP4A2MldMwg", "expire_date": "2024-11-03T08:33:48.584Z"}}, {"model": "sessions.session", "pk": "qaimj8599z45di0yjyjmojfc3c7abkst", "fields": {"session_data": ".eJxVjDEOwjAMRe-SGUVxHGqFkZ0zRHHs0AJqpaadKu4OlTrA-t97fzMpr0uf1qZzGsRcDJjT78a5PHXcgTzyeJ9smcZlHtjuij1os7dJ9HU93L-DPrf-W2ME32UAqF3EEh2heKXCxEGBBIOiqxGYcz1jQafiK3uSzmFUDWTeH874N8g:1t3CLh:n6TFQHrRVsBLyY9CYWTBXXkLNyxzICMPuebu07ipiZI", "expire_date": "2024-11-05T10:42:49.464Z"}}, {"model": "sessions.session", "pk": "qs7tf7paqg0x5q5gp1aujfsucd8n5uhb", "fields": {"session_data": ".eJxVjDsOwjAQBe_iGln-O6akzxksr3eNA8iR4qRC3J1ESgHtm5n3ZjFta41bpyVOyK5MaXb5HSHlJ7WD4CO1-8zz3NZlAn4o_KSdjzPS63a6fwc19brXHot2Cm0KQCLIUmCwYENQAmSRGZ01u-CJlE2FADUop733ZkBhJBT2-QIbiThy:1t2I25:WFXW1HTsuyo5klA-qQajL0i_z_KePQtVvOaDK5Yfc44", "expire_date": "2024-11-02T22:34:49.545Z"}}, {"model": "sessions.session", "pk": "qtw6mgprtdya6a6wqehlh220x4ssplaq", "fields": {"session_data": ".eJxVjDEOwjAMRe-SGUVxHGqFkZ0zRHHs0AJqpaadKu4OlTrA-t97fzMpr0uf1qZzGsRcDJjT78a5PHXcgTzyeJ9smcZlHtjuij1os7dJ9HU93L-DPrf-W2ME32UAqF3EEh2heKXCxEGBBIOiqxGYcz1jQafiK3uSzmFUDWTeH874N8g:1t2Ejk:mcJk8xddCt28SepFRptDsuhtZF6ys6LmI5LXt0L4MKM", "expire_date": "2024-11-02T19:03:40.568Z"}}, {"model": "sessions.session", "pk": "zn6uektakd32lfktbt4yltjsgz0xvru0", "fields": {"session_data": ".eJxVjMEOwiAQRP-FsyFbFlbq0Xu_gSywStXQpLQn47_bJj1o5jbvzbxV4HUpYW0yhzGri-rU6beLnJ5Sd5AfXO-TTlNd5jHqXdEHbXqYsryuh_t3ULiVbW2ZE3QsZyLygM72ffQOnIAhvjnDFi0hJE9uS0QiQ9mBYLIiBr36fAG11TZ_:1sqsve:h8OzHrILJQPH4yskFWBwj_AcDAFPxNXwMwuCyfdgjLE", "expire_date": "2024-10-02T11:33:02.915Z"}}, {"model": "core.news", "pk": 1, "fields": {"title": "So sieht eine wichtige News aus", "news_text": "Lorem ipsum dolor sit amet, consetetur sadipscing elitr, sed diam nonumy eirmod tempor invidunt ut labore et dolore magna aliquyam erat, sed diam voluptua. At vero eos et accusam et justo duo dolores et ea rebum. Stet clita kasd gubergren, no sea takimata sanctus est Lorem ipsum dolor sit amet. Lorem ipsum dolor sit amet, consetetur sadipscing elitr, sed diam nonumy eirmod tempor invidunt ut labore et dolore magna aliquyam erat, sed diam voluptua. At vero eos et accusam et justo duo dolores et ea rebum. Stet clita kasd gubergren, no sea takimata sanctus est Lorem ipsum dolor sit amet.", "publish_date": "2024-10-06", "important": true}}, {"model": "core.news", "pk": 2, "fields": {"title": "Das ist die zweite News", "news_text": "Lorem ipsum dolor sit amet, consetetur sadipscing elitr, sed diam nonumy eirmod tempor invidunt ut labore et dolore magna aliquyam erat, sed diam voluptua. At vero eos et accusam et justo duo dolores et ea rebum. Stet clita kasd gubergren, no sea takimata sanctus est Lorem ipsum dolor sit amet.", "publish_date": "2024-10-16", "important": false}}, {"model": "core.news", "pk": 3, "fields": {"title": "Das ist eine unwichtige News", "news_text": "Lorem ipsum dolor sit amet, consetetur sadipscing elitr, sed diam nonumy eirmod tempor invidunt ut labore et dolore magna aliquyam erat, sed diam voluptua. At vero eos et accusam et justo duo dolores et ea rebum. Stet clita kasd gubergren, no sea takimata sanctus est Lorem ipsum dolor sit amet.", "publish_date": "2024-10-04", "important": false}}, {"model": "users.credits", "pk": 4, "fields": {"user": 1, "number": 8}}, {"model": "users.credits", "pk": 10, "fields": {"user": 20, "number": 2}}, {"model": "users.credits", "pk": 11, "fields": {"user": 21, "number": 8}}, {"model": "users.credits", "pk": 12, "fields": {"user": 22, "number": 4}}, {"model": "users.credits", "pk": 13, "fields": {"user": 23, "number": 5}}, {"model": "users.credits", "pk": 14, "fields": {"user": 24, "number": 0}}, {"model": "users.credits", "pk": 15, "fields": {"user": 25, "number": 0}}, {"model": "users.credits", "pk": 16, "fields": {"user": 26, "number": 10}}, {"model": "users.purchasetransaction", "pk": 44, "fields": {"date": "2024-10-12", "user": 20, "number": 5, "status": "final"}}, {"model": "users.purchasetransaction", "pk": 80, "fields": {"date": "2024-10-16", "user": 1, "number": 10, "status": "final"}}, {"model": "users.purchasetransaction", "pk": 84, "fields": {"date": "2024-10-16", "user": 21, "number": 10, "status": "final"}}, {"model": "users.purchasetransaction", "pk": 85, "fields": {"date": "2024-10-17", "user": 1, "number": 5, "status": "pending"}}, {"model": "users.purchasetransaction", "pk": 86, "fields": {"date": "2024-10-17", "user": 22, "number": 10, "status": "final"}}, {"model": "users.purchasetransaction", "pk": 87, "fields": {"date": "2024-10-17", "user": 22, "number": 1, "status": "final"}}, {"model": "users.purchasetransaction", "pk": 88, "fields": {"date": "2024-10-19", "user": 23, "number": 5, "status": "final"}}, {"model": "users.purchasetransaction", "pk": 89, "fields": {"date": "2024-10-20", "user": 24, "number": 5, "status": "final"}}, {"model": "users.purchasetransaction", "pk": 90, "fields": {"date": "2024-10-20", "user": 26, "number": 10, "status": "final"}}, {"model": "users.purchasetransaction", "pk": 91, "fields": {"date": "2024-10-22", "user": 1, "number": 5, "status": "pending"}}, {"model": "course.category", "pk": 1, "fields": {"name": "Yoga"}}, {"model": "course.category", "pk": 2, "fields": {"name": "Pilates"}}, {"model": "course.courses", "pk": 1, "fields": {"name": "Das Becken", "category": 1, "topic": "Das Becken", "date": "2024-10-31", "start": "20:00:00", "duration": 1, "capacity": 3}}, {"model": "course.courses", "pk": 2, "fields": {"name": "Advanced", "category": 2, "topic": "Advanced", "date": "2024-11-13", "start": "19:00:00", "duration": 1, "capacity": 0}}, {"model": "course.courses", "pk": 3, "fields": {"name": "Yoga in der Schwangerschaft", "category": 1, "topic": "Yoga in der Schwangerschaft", "date": "2024-11-07", "start": "18:00:00", "duration": 1, "capacity": 4}}, {"model": "course.courses", "pk": 4, "fields": {"name": "Basic", "category": 2, "topic": "Grundlagen", "date": "2024-10-15", "start": "18:00:00", "duration": 1, "capacity": 0}}, {"model": "course.courses", "pk": 5, "fields": {"name": "Sanfter Flow", "category": 1, "topic": "Sanfter Flow", "date": "2024-11-12", "start": "19:00:00", "duration": 1, "capacity": 5}}, {"model": "course.courses", "pk": 6, "fields": {"name": "Intermediary", "category": 2, "topic": "Intermediary", "date": "2024-10-30", "start": "18:00:00", "duration": 1, "capacity": 0}}, {"model": "course.courses", "pk": 7, "fields": {"name": "Der Beckenboden", "category": 1, "topic": "Der Beckenboden", "date": "2024-12-05", "start": "18:00:00", "duration": 1, "capacity": 5}}, {"model": "course.courses", "pk": 8, "fields": {"name": "Die Körperveränderungen", "category": 1, "topic": "Die Körperveränderungen", "date": "2024-12-06", "start": "18:00:00", "duration": 1, "capacity": 5}}, {"model": "course.courses", "pk": 9, "fields": {"name": "Pranayama – Atmung", "category": 1, "topic": "Pranayama – Atmung", "date": "2024-12-05", "start": "18:00:00", "duration": 1, "capacity": 5}}, {"model": "course.booking", "pk": 49, "fields": {"user": 20, "course": 4, "date": "2024-10-12T21:28:12.257Z"}}, {"model": "course.booking", "pk": 50, "fields": {"user": 20, "course": 2, "date": "2024-10-12T21:28:14.568Z"}}, {"model": "course.booking", "pk": 67, "fields": {"user": 20, "course": 6, "date": "2024-10-16T17:09:25.517Z"}}, {"model": "course.booking", "pk": 69, "fields": {"user": 21, "course": 5, "date": "2024-10-16T18:34:17.122Z"}}, {"model": "course.booking", "pk": 70, "fields": {"user": 1, "course": 2, "date": "2024-10-16T19:32:10.614Z"}}, {"model": "course.booking", "pk": 74, "fields": {"user": 22, "course": 5, "date": "2024-10-17T09:01:02.371Z"}}, {"model": "course.booking", "pk": 75, "fields": {"user": 22, "course": 7, "date": "2024-10-17T09:01:05.573Z"}}, {"model": "course.booking", "pk": 77, "fields": {"user": 22, "course": 9, "date": "2024-10-17T09:01:09.736Z"}}, {"model": "course.booking", "pk": 78, "fields": {"user": 22, "course": 8, "date": "2024-10-17T09:01:11.146Z"}}, {"model": "course.booking", "pk": 80, "fields": {"user": 22, "course": 1, "date": "2024-10-19T09:38:59.153Z"}}, {"model": "course.booking", "pk": 81, "fields": {"user": 22, "course": 3, "date": "2024-10-19T09:39:09.675Z"}}, {"model": "course.booking", "pk": 82, "fields": {"user": 22, "course": 2, "date": "2024-10-19T09:53:03.163Z"}}, {"model": "course.booking", "pk": 83, "fields": {"user": 24, "course": 1, "date": "2024-10-20T10:24:27.365Z"}}, {"model": "course.booking", "pk": 84, "fields": {"user": 24, "course": 3, "date": "2024-10-20T10:24:30.354Z"}}, {"model": "course.booking", "pk": 86, "fields": {"user": 24, "course": 7, "date": "2024-10-20T10:24:39.720Z"}}, {"model": "course.booking", "pk": 87, "fields": {"user": 24, "course": 9, "date": "2024-10-20T10:24:42.432Z"}}, {"model": "course.booking", "pk": 88, "fields": {"user": 24, "course": 8, "date": "2024-10-20T10:25:51.976Z"}}, {"model": "course.booking", "pk": 90, "fields": {"user": 21, "course": 3, "date": "2024-10-20T19:53:28.721Z"}}, {"model": "course.booking", "pk": 92, "fields": {"user": 1, "course": 6, "date": "2024-10-22T10:43:23.230Z"}}]